{"PDpln2Oa+WP2sxBt9UYp2A==":"gradient-2000x1414.jpg","eIQ6+EnbqL85+QjQ4d68RA==":"free-premium-iphone-7-app-screen-mockup-psd%20(2)-2000x820.png","Ujr+GgmbbemOOjGEAAJTDA==":"free-premium-iphone-7-app-screen-mockup-psd%20(2)-1014x416.png","Yj4/A5nvwhVZttpjq3WisQ==":"portada-2000x1667.jpg","cCeNZzxW46HhuJoBnLZ05A==":"artboard-3-1466x695.png","ZxTgJtd86dPvJNTSvXtvXQ==":"3-2-912x1214.png","X6UeH7lsnvSaIAgsm6ZP3g==":"carlos-alvarez-510x671.png","FXlngKl5R2QwD/yyQQLXfQ==":"jan-decker-510x671.png","U8TAufHGKtBixDW5iqLFlg==":"laura-vazquez-2-510x671.png","vWrXQGfm/AtwC/J3J+RiBQ==":"carlos-alvarez-676x890.png","B2RRkKTUZsNoOF0NCdXfIQ==":"jan-decker-676x890.png","bdCpKpbMou9cnzydkxdsvg==":"laura-vazquez-2-676x890.png","mIIbxW0r7dEZSbMPwcoYdg==":"background2.jpg","UAc7kepzJPkrSn4uqTRvmw==":"background4.jpg","okW6rJhoblP+ZJqbIjq6/g==":"user-flow-1466x1384.png","1sIOyMjt5+89jfpVL7/REQ==":"user-flow-1-1466x1384.png","2/Wt5f9FGUrb6TxGsKk/IQ==":"vital-wireframes-1466x1247.png","n0oSEaly6u5jyZXNTElU3w==":"home-1466x797.png","0lmcjVsu27kDasBKn/+1fw==":"profile-and-obi-workshop-1466x635.png","aRNtQ9Nv6rz8ZZ+tdH5s6A==":"my-projects-1466x695.png","OM6hTwqMAQpTVhLcPG86xg==":"background1.jpg","o5d9mIDf7qwUnjmpo1lUZQ==":"free-premium-iphone-7-app-screen-mockup-psd%20(2)-1368x561.png","MsN0jBwLXmy9R5ZVW/CKag==":"persona%20luis-1086x599.jpg","nAU01t5Mp2Ch0o9P9gTioA==":"persona-626x344.jpg","zMnSad0l25YskJyZ/4Kdeg==":"diagrama%20de%20flujo-1760x1360.png","lhU5MnSigkgE5YA1l8CNyg==":"customizar%20pedido%202%20%E2%80%93%201-550x979.png","/Vf7XhLnoTER8kS8G8zO6w==":"marcar%20los%20platos%20que%20se%20han%20llevado%20a%20la%20mesa-550x979.png","2QrZ+aMl1hHp5zwxwjxsEA==":"filtro%20de%20productos%20por%20alergenos%20%E2%80%93%205-500x890.jpg","Y4tH7S/SpuUDlH58pu+6KQ==":"filtro%20de%20productos%20por%20alergenos%20%E2%80%93%205-550x979.png","0SBoui4qlE5UqoJp0cmvHQ==":"avisar%20de%20los%20platos%20q%20se%20han%20terminado%20doble-736x689.png","kFXfQyooQIRnp28magw5rg==":"gestionar%20la%20cuenta%20doble-736x681.png","e0fO2puo8XuRp+pCmoemoA==":"free-premium-iphone-7-app-screen-mockup-psd%20(2)-2698x1107.png","MfVi9/tOXWon/1Z04ZecoA==":"app%20mock-up-2220x1850.png","kunQdQbMT3goFylzqCjSvQ==":"app%20mock-up%20v-2133x1768.png","sibfl6xaXU7nv8nznjm8Hg==":"app%20mock-up%20v-1014x840.png","nyuEsmKA5LKMdzKj871pSA==":"1%20kchgkprpvnzt6k9pgtlotg-1000x612.png","ar8GODS0Bs8I/HUWhpNGjQ==":"1%20zez2jco0ssommfi_t04-da-858x427.png","fvJ7zQSJSiFGYweAltpaYQ==":"reto%20informaci%C3%B3n%20datos%20covid19(1)-854x430.jpg","TnEVSmDmms2u9+biCb38jw==":"prototipo-642x520.jpg","uVSx/hNgVvW0D6REXwwddw==":"prototipo%20app-642x380.jpg","/VxcQ6r6VNGrHtqmbYriZQ==":"prototipo%20app-642x380.png","+Kz2oAeRCL+cn19Pj38UYA==":"yt-marca-952x536.jpg","53RgBy5+Ncw7sXsIyqbmMg==":"artboard%20%E2%80%93%201-1776x2451.png","mbZQo2Xy+yg6oRg5SF8Uig==":"1%20zw0insny1elqn22pwozizg-318x160.jpg","EUZuu2ZwvvTDua4VGr+n9A==":"1%20msmfcsbieg3-mawdkptlgw-700x153.png","yXh2YcP9sqGyrgCPGv6aUg==":"diagrama%20de%20flujo-1760x1360.png","pOVW7OK3KyiGyk1vUxyj+w==":"0%20nemjl5eycp8b5he--700x273.png","kprVOKLJo5OoBVHcng88Ug==":"reto%20informaci%C3%B3n%20datos%20covid19(1)-1408x709.jpg","Kovxj52KqPmifwgRfsKY1A==":"1%20zez2jco0ssommfi_t04-da-1584x788.png","oRKgwEp5vZ8OkFmCCFqnXw==":"0%206spnyg39mhvrlzij-1400x899.png","ue3YiMpdobgPvVHtTJN2Ww==":"1%20j37y9c9s0w4y8kjhegqlhg-1466x738.jpg","8aKDyYRPzhADR8AIUUdbug==":"3-2-320x426.png","B+asenJ6qS4qscP1Om+LMQ==":"free-premium-iphone-7-app-screen-mockup-psd%20(2)-320x131.png","jilQn4DD45BAUIj5LJYPVg==":"free-premium-iphone-7-app-screen-mockup-psd%20(2)-320x131.png","rxK9riYuobGjyKrPIKkBRA==":"free-premium-iphone-7-app-screen-mockup-psd%20(2)-320x131.png","l5Klqfy5HJaKrwSyAxXryA==":"sin%20t%C3%ADtulo-1-2000x1414.png","NyG4mEkCiZVtbqzCRJpaJQ==":"app-screens-showcase-presentation-2000x1617.jpg","Z7OWFCBmdNG6qxXs3+zFRQ==":"favoriten_(wien)_-_obi_baumarkt-2000x1171.jpg","+dOkIxOKwwtJorPw+jIDDA==":"persona%20luis-2000x1104.jpg","Kt/AR9O7GzHI9xH1btqBZg==":"persona-2000x1099.jpg","Gcjsz/AegRKgBeNIP7xB0A==":"2%20proximo%20waiter-924x647.png","gcAPhWysF/e9CTzcHTCv/Q==":"3%20proximo%20obi-1116x822.png","fKka/JK+Ve1dB337uW+FAw==":"2%20proximo%20waiter-690x508.png","nPyo3MpF1F+WCAD9PNhT2Q==":"1%20proximo%20verycheck-690x508.png","GEpUSbiHcCpMukfI8qSTOA==":"3%20proximo%20obi-690x508.png","egNiqmwjWV/VO1uR6rZocA==":"we-2000x1099.jpg","rxhgk7k9a28t+tq+fSR24Q==":"904b1640-4537-4229-a25d-e866813df27d-436x291.jpg","HLX/8KNQWzQmioB9cxOshw==":"psd-436x273.jpg","j58FZNsQBhe4iY6+pEkY7w==":"psd-2000x1250.jpg","w5equ00ud0pWIZnL1p39Cg==":"psd-952x595.png","0LNWKDK29xMXe6ykXoGQig==":"psd-736x460.png","y46dyKgRiZ8UIqDPcRmi6g==":"psd-2000x1103.jpg","XGmLRPnPNn0/Lmaz1sghWg==":"c-2000x1510.png","XvCxjAJuTkzVYTrhfEhTyA==":"phone-mockup-v-2000x779.jpg","0TMdmUQBDjQURfQjkqEoaw==":"phone-mockup-v-2000x779.jpeg","Y0IYYvexTMivQXBxu9OeHw==":"psd-1-2000x1103.jpg","tu4E8g+Xh+TuIWh7Z3tCHw==":"hand-holding-app-ui-screen-presentation-mockup1-2000x964.jpg","chveC3tfNq+W51F0mt0hwQ==":"perspective%20app%20screens%20mockup-2000x1333.jpg","okqSPVPhxUdd8xkbZe9B8Q==":"portada-2000x1667.jpeg","OYz0a59hIcW208sleMEZ/w==":"portada-1-2000x1667.jpeg","5POCx1GknHNZHLKHiQH6bQ==":"c-1-2000x1510.png","Sys45mFW7VvaLLJyerLabg==":"c-2-2000x1510.png","CqYOkicXy8ya1+6gqcZ4aQ==":"0%206spnyg39mhvrlzij-1400x899.png"}